{
  "hash": "5d6d74a7",
  "configHash": "86fe7fb4",
  "lockfileHash": "2d46495a",
  "browserHash": "fcd90abb",
  "optimized": {
    "@angular/common": {
      "src": "../../../../../../node_modules/@angular/common/fesm2022/common.mjs",
      "file": "@angular_common.js",
      "fileHash": "4a6dff63",
      "needsInterop": false
    },
    "@angular/common/http": {
      "src": "../../../../../../node_modules/@angular/common/fesm2022/http.mjs",
      "file": "@angular_common_http.js",
      "fileHash": "ef7dc535",
      "needsInterop": false
    },
    "@angular/core": {
      "src": "../../../../../../node_modules/@angular/core/fesm2022/core.mjs",
      "file": "@angular_core.js",
      "fileHash": "beb2207b",
      "needsInterop": false
    },
    "@angular/forms": {
      "src": "../../../../../../node_modules/@angular/forms/fesm2022/forms.mjs",
      "file": "@angular_forms.js",
      "fileHash": "1b16204b",
      "needsInterop": false
    },
    "@angular/platform-browser": {
      "src": "../../../../../../node_modules/@angular/platform-browser/fesm2022/platform-browser.mjs",
      "file": "@angular_platform-browser.js",
      "fileHash": "27cc1b37",
      "needsInterop": false
    },
    "@angular/router": {
      "src": "../../../../../../node_modules/@angular/router/fesm2022/router.mjs",
      "file": "@angular_router.js",
      "fileHash": "67e58b6b",
      "needsInterop": false
    },
    "rxjs": {
      "src": "../../../../../../node_modules/rxjs/dist/esm5/index.js",
      "file": "rxjs.js",
      "fileHash": "71b45ab4",
      "needsInterop": false
    }
  },
  "chunks": {
    "chunk-ZDBWKKBK": {
      "file": "chunk-ZDBWKKBK.js"
    },
    "chunk-3TFHFBEA": {
      "file": "chunk-3TFHFBEA.js"
    },
    "chunk-4IOCDZ3Z": {
      "file": "chunk-4IOCDZ3Z.js"
    },
    "chunk-VFBMMIM3": {
      "file": "chunk-VFBMMIM3.js"
    },
    "chunk-5TID76VL": {
      "file": "chunk-5TID76VL.js"
    }
  }
}